"id","line_id","start_node","finish_node","direction","is_bidirectional","type","created_at","updated_at","deleted_at","is_deleted"
"7a3db411-dc2e-43cd-a0b3-b05bafbecf6e","34d3c666-cb23-4273-8a08-41c3898e235a",a51f669f-9f5a-486f-af2d-a7d50d3d38fa,eff93a53-2d19-47d5-b79d-e9c6f3ed018f,FORWARD,false,LINK_TYPE_MAIN_STATION_PATH,2025-06-18 11:27:33.502 +0300,2025-06-18 11:27:33.502 +0300,,false
"6ee4f990-399a-4202-b2a9-049ee15497e0","34d3c666-cb23-4273-8a08-41c3898e235a","1912043a-df0a-4d18-8458-19a373508ebb","454782f8-65ae-4e16-8c1d-b0d0605e9a0e",FORWARD,false,LINK_TYPE_MAIN_STATION_PATH,2025-06-17 13:32:32.874 +0300,2025-06-17 13:32:32.874 +0300,,false
a20e52d4-fc48-416b-90d9-2277d5d1a2dc,"2e75da6b-488a-489f-996a-b367bc616a72","7987d63d-f977-49ce-b4da-802f340595de","34726ae8-49c4-47b4-bb94-c90c77af51f6",FORWARD,false,LINK_TYPE_MAIN_STATION_PATH,2025-06-25 12:23:57.046 +0300,2025-06-25 12:23:57.046 +0300,,false
"7b801907-db24-4908-86d6-283789a2ee6a","747142f2-f119-482d-9e0a-2e19d679c259","6a492032-1fb0-4e90-b611-ee419921c496","08217870-977f-436f-adf7-e6b54827e3df",FORWARD,false,LINK_TYPE_MAIN_STATION_PATH,2025-06-25 12:49:42.544 +0300,2025-06-25 12:49:42.544 +0300,,false
"9224aa31-2920-4cb3-83e2-6a84ccacbfc0","34d3c666-cb23-4273-8a08-41c3898e235a","4857fbe1-7a21-44a0-a0a1-0b93f60ead39","75bc2a8b-1ad1-4bdf-baad-7b4b76d0c25c",FORWARD,false,LINK_TYPE_BACK_TURNING,2025-06-16 18:23:12.240 +0300,2025-06-16 18:23:12.240 +0300,,false
ae2846a5-0306-4952-a9b5-0b4a28ba7360,"34d3c666-cb23-4273-8a08-41c3898e235a","19ddb7ba-18a4-4cde-9d95-aba5bba22cac","62aa4114-9333-4b66-919b-7b69b619f7d8",FORWARD,false,LINK_TYPE_BACK_TURNING,2025-06-10 17:03:21.263 +0300,2025-06-10 17:03:21.263 +0300,,false
f7c853d3-63ec-4e7c-b838-28bb66cb8c1a,"34d3c666-cb23-4273-8a08-41c3898e235a","6e654f45-d3a9-40cb-9e6e-5f75d73069ea","2736fba8-2a21-41f3-8ab9-4962eab57e40",FORWARD,false,LINK_TYPE_BACK_TURNING,2025-06-10 17:03:21.263 +0300,2025-06-10 17:03:21.263 +0300,,false
"0e783dfb-7fae-4117-ab51-f8908ff673b8","34d3c666-cb23-4273-8a08-41c3898e235a","6e654f45-d3a9-40cb-9e6e-5f75d73069ea","2736fba8-2a21-41f3-8ab9-4962eab57e40",FORWARD,false,LINK_TYPE_BACK_TURNING,2025-06-10 17:03:21.263 +0300,2025-06-10 17:03:21.263 +0300,,false
"06634fde-d6d3-4e54-9c1e-917d5b1f4f5c","34d3c666-cb23-4273-8a08-41c3898e235a","03ac00c0-94e6-4809-b32c-705ebb5b7aaf","930f4db0-6f14-4623-9a22-17b0e9e42280",FORWARD,false,LINK_TYPE_TAXIING,2025-07-02 12:56:03.974 +0300,2025-07-02 12:56:03.974 +0300,,false
d8b34c8e-4a59-4c69-8e8e-3b9e5eef3b8a,"34d3c666-cb23-4273-8a08-41c3898e235a","9cf94c94-d316-4333-8db2-74ad3728d8c9","930f4db0-6f14-4623-9a22-17b0e9e42280",FORWARD,false,LINK_TYPE_TAXIING,2025-07-02 12:56:03.974 +0300,2025-07-02 12:56:03.974 +0300,,false
"0040d718-bb22-4dd2-bde5-aaaebcc47b09","34d3c666-cb23-4273-8a08-41c3898e235a",f139dfff-d9db-432c-a6ea-b2314bc89646,d61a26be-fc9d-44f5-8862-f2b2105dfa57,FORWARD,false,LINK_TYPE_TAXIING,2025-07-02 12:56:03.974 +0300,2025-07-02 12:56:03.974 +0300,,false
"3fa37aa1-ac1b-4c91-bc5a-e45dd904c567","34d3c666-cb23-4273-8a08-41c3898e235a",d61a26be-fc9d-44f5-8862-f2b2105dfa57,"05e9ee0b-7b6b-4a57-ad45-580b6a05d280",FORWARD,false,LINK_TYPE_TAXIING,2025-06-10 17:03:21.263 +0300,2025-06-10 17:03:21.263 +0300,,false
"067a59de-0858-404f-b981-500ea7307472","34d3c666-cb23-4273-8a08-41c3898e235a","75bc2a8b-1ad1-4bdf-baad-7b4b76d0c25c","4857fbe1-7a21-44a0-a0a1-0b93f60ead39",FORWARD,false,LINK_TYPE_BACK_TURNING,2025-06-10 17:03:21.263 +0300,2025-06-10 17:03:21.263 +0300,,false
f717c18f-f2c6-4b13-aeb5-f946cce5d6f3,"34d3c666-cb23-4273-8a08-41c3898e235a",baa3941f-dd0c-4295-94e0-48641738b31c,"6330e35f-c802-4a27-a6cb-d96628fb5918",FORWARD,false,LINK_TYPE_MAIN_STATION_PATH,2025-06-10 17:03:21.263 +0300,2025-06-10 17:03:21.263 +0300,,false
a0bce26e-58b3-4a38-b630-78ef476a2def,"34d3c666-cb23-4273-8a08-41c3898e235a","627c51b9-cb68-4de8-b053-0dfdf2c6e1d6",baa3941f-dd0c-4295-94e0-48641738b31c,FORWARD,false,LINK_TYPE_MAIN_STATION_PATH,2025-06-10 17:03:21.263 +0300,2025-06-10 17:03:21.263 +0300,,false
"8ed310fa-9464-44b8-9f37-6f2fe92f0658","34d3c666-cb23-4273-8a08-41c3898e235a","6f30ad2f-417b-4c03-b4ab-e7ab4005a975","06aefb19-2287-4f01-b38a-704778945d8f",FORWARD,false,LINK_TYPE_MAIN_STATION_PATH,2025-06-10 17:03:21.263 +0300,2025-06-10 17:03:21.263 +0300,,false
ab179f7f-7a1a-48d3-af66-2ef1ab85e8a4,"34d3c666-cb23-4273-8a08-41c3898e235a","06aefb19-2287-4f01-b38a-704778945d8f","04b76088-17a2-4a7b-a51d-7ea0038723dd",FORWARD,false,LINK_TYPE_MAIN_STATION_PATH,2025-06-10 17:03:21.263 +0300,2025-06-10 17:03:21.263 +0300,,false
ce02805b-f826-444a-94f2-2a6731b73f49,"34d3c666-cb23-4273-8a08-41c3898e235a","04b76088-17a2-4a7b-a51d-7ea0038723dd",d61a26be-fc9d-44f5-8862-f2b2105dfa57,FORWARD,false,LINK_TYPE_MAIN_STATION_PATH,2025-06-10 17:03:21.263 +0300,2025-06-10 17:03:21.263 +0300,,false
fb0c1cb8-f734-4286-a0ce-d1f9cb5253ae,"34d3c666-cb23-4273-8a08-41c3898e235a","13fc01a7-3e84-4905-8dd7-c14a2a964d77",a51f669f-9f5a-486f-af2d-a7d50d3d38fa,FORWARD,false,LINK_TYPE_MAIN_STATION_PATH,2025-06-10 17:03:21.263 +0300,2025-06-10 17:03:21.263 +0300,,false
"51bfe6a3-b940-4ed2-b39f-7afa0d9340c1","34d3c666-cb23-4273-8a08-41c3898e235a",eff93a53-2d19-47d5-b79d-e9c6f3ed018f,"399aa2ec-b3a0-4d2b-bb9a-fbf4b41004ab",FORWARD,false,LINK_TYPE_MAIN_STATION_PATH,2025-06-10 17:03:21.263 +0300,2025-06-10 17:03:21.263 +0300,,false
"9443cdbc-227a-4ab1-8878-d1048f085b5e","34d3c666-cb23-4273-8a08-41c3898e235a","399aa2ec-b3a0-4d2b-bb9a-fbf4b41004ab","6a68dd1c-a85e-4b2e-abb7-032f0ad0ba4d",FORWARD,false,LINK_TYPE_MAIN_STATION_PATH,2025-06-10 17:03:21.263 +0300,2025-06-10 17:03:21.263 +0300,,false
d98a7ac1-2ac9-44dd-aedb-a0201edaad1c,"34d3c666-cb23-4273-8a08-41c3898e235a","6a68dd1c-a85e-4b2e-abb7-032f0ad0ba4d",d9e51fac-f844-47f2-8da7-98b01dc53f01,FORWARD,false,LINK_TYPE_MAIN_STATION_PATH,2025-06-10 17:03:21.263 +0300,2025-06-10 17:03:21.263 +0300,,false
"85811a9c-afa5-4d00-bc6b-7d3d00e197fd","34d3c666-cb23-4273-8a08-41c3898e235a",d9e51fac-f844-47f2-8da7-98b01dc53f01,"1ac210ae-0a74-476f-8d92-995ea40bdcfe",FORWARD,false,LINK_TYPE_MAIN_STATION_PATH,2025-06-10 17:03:21.263 +0300,2025-06-10 17:03:21.263 +0300,,false
"93349ff0-289d-4dde-9e9b-9e8299021c5f","34d3c666-cb23-4273-8a08-41c3898e235a","1ac210ae-0a74-476f-8d92-995ea40bdcfe",da766983-a403-457d-9a4d-aa376c14e78b,FORWARD,false,LINK_TYPE_MAIN_STATION_PATH,2025-06-10 17:03:21.263 +0300,2025-06-10 17:03:21.263 +0300,,false
a0acf2d9-6a2a-47c3-afcf-36104ce6fd48,"34d3c666-cb23-4273-8a08-41c3898e235a","454782f8-65ae-4e16-8c1d-b0d0605e9a0e","4be72527-d45a-4f2a-b5a9-eec222fcd49a",FORWARD,false,LINK_TYPE_MAIN_STATION_PATH,2025-06-10 17:03:21.263 +0300,2025-06-10 17:03:21.263 +0300,,false
"80bf5438-7a5e-4dee-a799-1eb0b162e4ca","34d3c666-cb23-4273-8a08-41c3898e235a","4be72527-d45a-4f2a-b5a9-eec222fcd49a",cf256a88-2209-4163-b174-1f28f8697062,FORWARD,false,LINK_TYPE_MAIN_STATION_PATH,2025-06-10 17:03:21.263 +0300,2025-06-10 17:03:21.263 +0300,,false
fdb467c4-41e5-4ac0-a204-7b27d023f050,"34d3c666-cb23-4273-8a08-41c3898e235a",cf256a88-2209-4163-b174-1f28f8697062,"2477338d-adc6-4335-a424-bae7d36a7561",FORWARD,false,LINK_TYPE_MAIN_STATION_PATH,2025-06-10 17:03:21.263 +0300,2025-06-10 17:03:21.263 +0300,,false
"6da64988-5fd4-416d-8be0-9a9b34eb9e1a","34d3c666-cb23-4273-8a08-41c3898e235a","2477338d-adc6-4335-a424-bae7d36a7561",a2546260-7630-4d95-989b-a55b8549f3f4,FORWARD,false,LINK_TYPE_MAIN_STATION_PATH,2025-06-10 17:03:21.263 +0300,2025-06-10 17:03:21.263 +0300,,false
"4fd9061b-7707-42a6-a9cc-18b796829933","34d3c666-cb23-4273-8a08-41c3898e235a",a2546260-7630-4d95-989b-a55b8549f3f4,"4857fbe1-7a21-44a0-a0a1-0b93f60ead39",FORWARD,false,LINK_TYPE_MAIN_STATION_PATH,2025-06-10 17:03:21.263 +0300,2025-06-10 17:03:21.263 +0300,,false
"2e173f95-cd98-4144-a712-0dcbf250590d","34d3c666-cb23-4273-8a08-41c3898e235a","4857fbe1-7a21-44a0-a0a1-0b93f60ead39","631da047-26a1-40b1-a44a-367deb6ac7fb",FORWARD,false,LINK_TYPE_MAIN_STATION_PATH,2025-06-10 17:03:21.263 +0300,2025-06-10 17:03:21.263 +0300,,false
fbf19fe5-a381-4388-abac-2541a3b812c5,"34d3c666-cb23-4273-8a08-41c3898e235a","631da047-26a1-40b1-a44a-367deb6ac7fb","4b8dff46-300e-4d92-aae9-f3a23e094085",FORWARD,false,LINK_TYPE_MAIN_STATION_PATH,2025-06-10 17:03:21.263 +0300,2025-06-10 17:03:21.263 +0300,,false
a2c33188-3046-474f-80ef-f251354574b1,"34d3c666-cb23-4273-8a08-41c3898e235a","4b8dff46-300e-4d92-aae9-f3a23e094085","62aa4114-9333-4b66-919b-7b69b619f7d8",FORWARD,false,LINK_TYPE_MAIN_STATION_PATH,2025-06-10 17:03:21.263 +0300,2025-06-10 17:03:21.263 +0300,,false
e6fdc170-a467-4fcd-95bd-3f8524fb6348,"34d3c666-cb23-4273-8a08-41c3898e235a","62aa4114-9333-4b66-919b-7b69b619f7d8","21179a21-31d0-441d-96a8-c0a965a795ee",FORWARD,false,LINK_TYPE_MAIN_STATION_PATH,2025-06-10 17:03:21.263 +0300,2025-06-10 17:03:21.263 +0300,,false
"0c2d22c0-fada-4f25-ab1e-a64e11538df2","34d3c666-cb23-4273-8a08-41c3898e235a","21179a21-31d0-441d-96a8-c0a965a795ee","9ade2c83-ddbf-4911-9ca3-b60cb737b7e4",FORWARD,false,LINK_TYPE_MAIN_STATION_PATH,2025-06-10 17:03:21.263 +0300,2025-06-10 17:03:21.263 +0300,,false
"616b8dfa-b46e-4c0d-a0a3-7a65f0876531","34d3c666-cb23-4273-8a08-41c3898e235a","9ade2c83-ddbf-4911-9ca3-b60cb737b7e4","930f4db0-6f14-4623-9a22-17b0e9e42280",FORWARD,false,LINK_TYPE_MAIN_STATION_PATH,2025-06-10 17:03:21.263 +0300,2025-06-10 17:03:21.263 +0300,,false
d5ec5dce-cd77-4119-a3f6-ae6440346d1c,"34d3c666-cb23-4273-8a08-41c3898e235a",fac59495-c5dd-4ef7-9c79-ff0c4686ee3a,"1912043a-df0a-4d18-8458-19a373508ebb",FORWARD,false,LINK_TYPE_MAIN_STATION_PATH,2025-06-10 17:03:21.263 +0300,2025-06-10 17:03:21.263 +0300,,false
"4dfa8f0f-c5c9-4302-ab5f-d7f3ab6c0db2","34d3c666-cb23-4273-8a08-41c3898e235a","6e654f45-d3a9-40cb-9e6e-5f75d73069ea",a2bf5c9b-b1e4-4926-bfb6-92232c1adcf4,FORWARD,false,LINK_TYPE_MAIN_STATION_PATH,2025-06-10 17:03:21.263 +0300,2025-06-10 17:03:21.263 +0300,,false
"32d2d772-d1fb-46e5-8d8d-a91f05978e5d","34d3c666-cb23-4273-8a08-41c3898e235a",e801b707-aaff-4a85-8633-ffa768dbec72,"6e654f45-d3a9-40cb-9e6e-5f75d73069ea",FORWARD,false,LINK_TYPE_MAIN_STATION_PATH,2025-06-10 17:03:21.263 +0300,2025-06-10 17:03:21.263 +0300,,false
"5216a1cf-65d5-41e2-872c-3aabc8ea37ca","34d3c666-cb23-4273-8a08-41c3898e235a",a2bf5c9b-b1e4-4926-bfb6-92232c1adcf4,"13fc01a7-3e84-4905-8dd7-c14a2a964d77",FORWARD,false,LINK_TYPE_MAIN_STATION_PATH,2025-06-10 17:03:21.263 +0300,2025-06-10 17:03:21.263 +0300,,false
f6604cd3-ead0-4b37-a744-45bcebdd60d4,"34d3c666-cb23-4273-8a08-41c3898e235a","930f4db0-6f14-4623-9a22-17b0e9e42280","6f30ad2f-417b-4c03-b4ab-e7ab4005a975",FORWARD,false,LINK_TYPE_MAIN_STATION_PATH,2025-06-17 13:36:01.816 +0300,2025-06-17 13:36:01.816 +0300,,false
aeed38bc-3da3-4124-bf81-23c039364dc7,"34d3c666-cb23-4273-8a08-41c3898e235a",d61a26be-fc9d-44f5-8862-f2b2105dfa57,e801b707-aaff-4a85-8633-ffa768dbec72,FORWARD,false,LINK_TYPE_MAIN_STATION_PATH,2025-06-10 17:03:21.263 +0300,2025-06-10 17:03:21.263 +0300,,false
"18a3091d-14a0-4a0a-ae33-8dfb6719341f","34d3c666-cb23-4273-8a08-41c3898e235a",da766983-a403-457d-9a4d-aa376c14e78b,fac59495-c5dd-4ef7-9c79-ff0c4686ee3a,FORWARD,false,LINK_TYPE_MAIN_STATION_PATH,2025-06-10 17:03:21.263 +0300,2025-06-10 17:03:21.263 +0300,,false
"3c87055b-f45b-4cf5-8f92-eb248993d1db","34d3c666-cb23-4273-8a08-41c3898e235a",e5528ba1-9f0c-458d-8019-c7990f57fee8,"930f4db0-6f14-4623-9a22-17b0e9e42280",FORWARD,false,LINK_TYPE_BACK_TURNING,2025-06-10 17:03:21.263 +0300,2025-06-10 17:03:21.263 +0300,,false
"715d5907-5a5e-457a-9526-1c6617438f4c","5e416563-be9e-4a68-809d-ac29f1a565e3","1aad4631-193d-4c97-b8da-62cf99602bfd",a2f8ee43-4206-432a-b470-7535fc73a7b6,FORWARD,false,LINK_TYPE_MAIN_STATION_PATH,2025-06-25 12:31:06.123 +0300,2025-06-25 12:31:06.123 +0300,,false
a53272ea-bc84-419f-ae44-ddaed0e33a14,"79ab4f57-5d32-4960-8998-02b9d993631e","54582935-df78-44ed-8cca-317150e7a136","35699ee4-a040-40d8-88b7-974444f8b0bc",FORWARD,false,LINK_TYPE_MAIN_STATION_PATH,2025-06-25 12:55:10.646 +0300,2025-06-25 12:55:10.646 +0300,,false
"1ef7fc21-5081-4a4c-ba66-8a947dfda6dc","34d3c666-cb23-4273-8a08-41c3898e235a",e5528ba1-9f0c-458d-8019-c7990f57fee8,"930f4db0-6f14-4623-9a22-17b0e9e42280",FORWARD,false,LINK_TYPE_BACK_TURNING,2025-06-10 17:03:21.263 +0300,2025-06-10 17:03:21.263 +0300,,false
"97eb2ce0-340f-42bb-aa50-77165d6d474e","34d3c666-cb23-4273-8a08-41c3898e235a",a2546260-7630-4d95-989b-a55b8549f3f4,"75bc2a8b-1ad1-4bdf-baad-7b4b76d0c25c",FORWARD,false,LINK_TYPE_TAXIING,2025-06-16 17:46:34.648 +0300,2025-06-16 17:46:34.648 +0300,,false
"4e6a6131-e780-485a-a11a-97bb4a248259","34d3c666-cb23-4273-8a08-41c3898e235a","167baa35-d7d7-4e65-afff-1e65c9a7bce8",fac59495-c5dd-4ef7-9c79-ff0c4686ee3a,FORWARD,false,LINK_TYPE_BACK_TURNING,2025-06-10 17:03:21.263 +0300,2025-06-10 17:03:21.263 +0300,,false
"24a74f5d-2e20-4577-929c-93d7e9c19b1d","34d3c666-cb23-4273-8a08-41c3898e235a","167baa35-d7d7-4e65-afff-1e65c9a7bce8",fac59495-c5dd-4ef7-9c79-ff0c4686ee3a,FORWARD,false,LINK_TYPE_BACK_TURNING,2025-06-10 17:03:21.263 +0300,2025-06-10 17:03:21.263 +0300,,false
"07e1bdd3-e860-4f1a-9f71-ebd609c4f9fc","34d3c666-cb23-4273-8a08-41c3898e235a",fae9e403-00e2-477c-a468-30eea2a27116,c21a3bf9-feea-4aab-8afe-680d12cfde4a,FORWARD,false,LINK_TYPE_MAIN_STATION_PATH,2025-06-10 17:03:21.263 +0300,2025-06-10 17:03:21.263 +0300,,false
"6926f21a-ff99-4072-ab2d-c4830a4a3301","34d3c666-cb23-4273-8a08-41c3898e235a",fa66918b-2e2a-4309-bd7f-504c9938e951,fae9e403-00e2-477c-a468-30eea2a27116,FORWARD,false,LINK_TYPE_MAIN_STATION_PATH,2025-06-10 17:03:21.263 +0300,2025-06-10 17:03:21.263 +0300,,false
f66b3698-c66f-4cca-8da3-5538bbc70bb7,"34d3c666-cb23-4273-8a08-41c3898e235a","867753af-4ac2-49c8-ad22-5a9cf4144e26",fa66918b-2e2a-4309-bd7f-504c9938e951,FORWARD,false,LINK_TYPE_MAIN_STATION_PATH,2025-06-10 17:03:21.263 +0300,2025-06-10 17:03:21.263 +0300,,false
"8b032d74-9eb4-47c0-97fa-58d7116c4d43","34d3c666-cb23-4273-8a08-41c3898e235a",d160ede0-2145-41ac-8667-386862bfa1cf,"867753af-4ac2-49c8-ad22-5a9cf4144e26",FORWARD,false,LINK_TYPE_MAIN_STATION_PATH,2025-06-10 17:03:21.263 +0300,2025-06-10 17:03:21.263 +0300,,false
"7c6c825a-a7e3-4bbb-b5c3-13f3f37840af","34d3c666-cb23-4273-8a08-41c3898e235a","4545377b-6df1-41d1-ac99-dd2670183ab5",d160ede0-2145-41ac-8667-386862bfa1cf,FORWARD,false,LINK_TYPE_MAIN_STATION_PATH,2025-06-10 17:03:21.263 +0300,2025-06-10 17:03:21.263 +0300,,false
ec72e02b-704b-478c-a3df-ddf953481ef4,"34d3c666-cb23-4273-8a08-41c3898e235a","30792eb3-7b1d-44cb-b553-f6e9b5fb3979","4545377b-6df1-41d1-ac99-dd2670183ab5",FORWARD,false,LINK_TYPE_MAIN_STATION_PATH,2025-06-10 17:03:21.263 +0300,2025-06-10 17:03:21.263 +0300,,false
daf90572-8b0f-414e-bc3a-997de45bb7cc,"34d3c666-cb23-4273-8a08-41c3898e235a","26ddfa03-ec87-4c84-9414-79e16fb38702","30792eb3-7b1d-44cb-b553-f6e9b5fb3979",FORWARD,false,LINK_TYPE_MAIN_STATION_PATH,2025-06-10 17:03:21.263 +0300,2025-06-10 17:03:21.263 +0300,,false
"659dc815-4876-4868-9280-4fef1a4adc6b","34d3c666-cb23-4273-8a08-41c3898e235a",c31dbb34-6980-4f1f-b5ad-86e60aff4f34,e2bf959b-8767-417f-bead-640afc4b133c,FORWARD,false,LINK_TYPE_MAIN_STATION_PATH,2025-06-10 17:03:21.263 +0300,2025-06-10 17:03:21.263 +0300,,false
cbca475d-a0df-464e-9823-1d698485760a,"34d3c666-cb23-4273-8a08-41c3898e235a","890222c7-c44a-4f1e-b48e-191fc86929c7",c31dbb34-6980-4f1f-b5ad-86e60aff4f34,FORWARD,false,LINK_TYPE_MAIN_STATION_PATH,2025-06-10 17:03:21.263 +0300,2025-06-10 17:03:21.263 +0300,,false
"3b566685-7f5e-4800-ba32-4d6f4752163d","34d3c666-cb23-4273-8a08-41c3898e235a",b393bdd9-4ee6-4ebe-b305-40ebd8dc209c,"890222c7-c44a-4f1e-b48e-191fc86929c7",FORWARD,false,LINK_TYPE_MAIN_STATION_PATH,2025-06-10 17:03:21.263 +0300,2025-06-10 17:03:21.263 +0300,,false
ee4c4f40-7d0e-4e77-affb-2028ddc73c30,"34d3c666-cb23-4273-8a08-41c3898e235a","014b78e7-244c-40d0-96b3-f42bb7df72b9",b393bdd9-4ee6-4ebe-b305-40ebd8dc209c,FORWARD,false,LINK_TYPE_MAIN_STATION_PATH,2025-06-10 17:03:21.263 +0300,2025-06-10 17:03:21.263 +0300,,false
"739b5bfd-130f-4ac2-83d7-87a6f82d05e1","34d3c666-cb23-4273-8a08-41c3898e235a","75bc2a8b-1ad1-4bdf-baad-7b4b76d0c25c","014b78e7-244c-40d0-96b3-f42bb7df72b9",FORWARD,false,LINK_TYPE_MAIN_STATION_PATH,2025-06-10 17:03:21.263 +0300,2025-06-10 17:03:21.263 +0300,,false
b2df1560-eec0-46d1-8acb-cb7a578d0c6d,"34d3c666-cb23-4273-8a08-41c3898e235a",bdea1040-77a9-406e-85cd-1cbb4ed10f67,"75bc2a8b-1ad1-4bdf-baad-7b4b76d0c25c",FORWARD,false,LINK_TYPE_MAIN_STATION_PATH,2025-06-10 17:03:21.263 +0300,2025-06-10 17:03:21.263 +0300,,false
"4307aea7-fbdc-4765-ade3-3a5e61ff770e","34d3c666-cb23-4273-8a08-41c3898e235a",f7dafb1b-43ec-4bb1-aad6-02a7eee0d672,bdea1040-77a9-406e-85cd-1cbb4ed10f67,FORWARD,false,LINK_TYPE_MAIN_STATION_PATH,2025-06-10 17:03:21.263 +0300,2025-06-10 17:03:21.263 +0300,,false
"71c99dfd-6027-4319-ba05-7f9170bddd0f","34d3c666-cb23-4273-8a08-41c3898e235a","19ddb7ba-18a4-4cde-9d95-aba5bba22cac",f7dafb1b-43ec-4bb1-aad6-02a7eee0d672,FORWARD,false,LINK_TYPE_MAIN_STATION_PATH,2025-06-10 17:03:21.263 +0300,2025-06-10 17:03:21.263 +0300,,false
"340597b8-8ba2-451f-aaa5-5861371b64d8","34d3c666-cb23-4273-8a08-41c3898e235a","8682b1bb-63e8-4d61-9763-4c40fac069b7","19ddb7ba-18a4-4cde-9d95-aba5bba22cac",FORWARD,false,LINK_TYPE_MAIN_STATION_PATH,2025-06-10 17:03:21.263 +0300,2025-06-10 17:03:21.263 +0300,,false
"055fc4a4-c612-4cf6-80c1-384e5f35baec","34d3c666-cb23-4273-8a08-41c3898e235a","4c0f53ef-7587-42d5-a05f-7b2b1480ad54","8682b1bb-63e8-4d61-9763-4c40fac069b7",FORWARD,false,LINK_TYPE_MAIN_STATION_PATH,2025-06-10 17:03:21.263 +0300,2025-06-10 17:03:21.263 +0300,,false
"73504e1a-327e-427a-ac9e-0d23d1c3ab86","34d3c666-cb23-4273-8a08-41c3898e235a",e5528ba1-9f0c-458d-8019-c7990f57fee8,"4c0f53ef-7587-42d5-a05f-7b2b1480ad54",FORWARD,false,LINK_TYPE_MAIN_STATION_PATH,2025-06-10 17:03:21.263 +0300,2025-06-10 17:03:21.263 +0300,,false
"439739a0-878b-43c8-8517-23b04e34bd1e","34d3c666-cb23-4273-8a08-41c3898e235a",d259c4df-b92d-4c85-a6d3-7016bf81cfd6,"627c51b9-cb68-4de8-b053-0dfdf2c6e1d6",FORWARD,false,LINK_TYPE_MAIN_STATION_PATH,2025-06-10 17:03:21.263 +0300,2025-06-10 17:03:21.263 +0300,,false
"1af9d3d5-962f-47e7-b73c-d5ae4900307b","34d3c666-cb23-4273-8a08-41c3898e235a","6330e35f-c802-4a27-a6cb-d96628fb5918","6ba27c54-5821-4c82-acf1-5b1b9e0b135d",FORWARD,false,LINK_TYPE_MAIN_STATION_PATH,2025-06-10 17:03:21.263 +0300,2025-06-10 17:03:21.263 +0300,,false
"4457cf88-7f54-45a1-80a3-7edd0e7551bd","34d3c666-cb23-4273-8a08-41c3898e235a","9182d992-51e1-44ee-82b4-303e7c13e972","167baa35-d7d7-4e65-afff-1e65c9a7bce8",FORWARD,false,LINK_TYPE_MAIN_STATION_PATH,2025-06-10 17:03:21.263 +0300,2025-06-10 17:03:21.263 +0300,,false
e23211c6-f28a-40e7-a7fd-671190e5b1fc,"34d3c666-cb23-4273-8a08-41c3898e235a",e2bf959b-8767-417f-bead-640afc4b133c,"9182d992-51e1-44ee-82b4-303e7c13e972",FORWARD,false,LINK_TYPE_MAIN_STATION_PATH,2025-06-10 17:03:21.263 +0300,2025-06-10 17:03:21.263 +0300,,false
"4a8f7f46-989f-47b2-a57f-ab66dc5bc7bc","34d3c666-cb23-4273-8a08-41c3898e235a","167baa35-d7d7-4e65-afff-1e65c9a7bce8","26ddfa03-ec87-4c84-9414-79e16fb38702",FORWARD,false,LINK_TYPE_MAIN_STATION_PATH,2025-06-10 17:03:21.263 +0300,2025-06-10 17:03:21.263 +0300,,false
"25a18310-a2df-4d0c-bfae-dbcc1bab5df5","34d3c666-cb23-4273-8a08-41c3898e235a",c21a3bf9-feea-4aab-8afe-680d12cfde4a,"77ceef35-056b-4a0e-9d3e-cec3b339b4f5",FORWARD,false,LINK_TYPE_MAIN_STATION_PATH,2025-06-10 17:03:21.263 +0300,2025-06-10 17:03:21.263 +0300,,false
ee930adc-ef03-4df6-8ca6-89c807813027,"34d3c666-cb23-4273-8a08-41c3898e235a","77ceef35-056b-4a0e-9d3e-cec3b339b4f5","2736fba8-2a21-41f3-8ab9-4962eab57e40",FORWARD,false,LINK_TYPE_MAIN_STATION_PATH,2025-06-10 17:03:21.263 +0300,2025-06-10 17:03:21.263 +0300,,false
"14920a4b-2508-4410-bb9a-1d9b35bba1b0","34d3c666-cb23-4273-8a08-41c3898e235a","2736fba8-2a21-41f3-8ab9-4962eab57e40",d259c4df-b92d-4c85-a6d3-7016bf81cfd6,FORWARD,false,LINK_TYPE_MAIN_STATION_PATH,2025-06-10 17:03:21.263 +0300,2025-06-10 17:03:21.263 +0300,,false
ac47c986-08c0-4c45-a169-279e143db281,"34d3c666-cb23-4273-8a08-41c3898e235a","6ba27c54-5821-4c82-acf1-5b1b9e0b135d",e5528ba1-9f0c-458d-8019-c7990f57fee8,FORWARD,false,LINK_TYPE_MAIN_STATION_PATH,2025-06-10 17:03:21.263 +0300,2025-06-10 17:03:21.263 +0300,,false
"4272c558-67f8-4d6f-b563-3cdca84177c7","8b52591a-570b-4b59-bb21-1fab664ab50b","84d03aa8-fb0a-46e2-b7a3-827bcfb3f884","9572c502-85a4-4acd-a9fc-3fd685688205",FORWARD,false,LINK_TYPE_MAIN_STATION_PATH,2025-06-25 12:35:04.746 +0300,2025-06-25 12:35:04.746 +0300,,false
"3a9d446b-387d-4f3b-a49a-9fcc4d9d6768","34d3c666-cb23-4273-8a08-41c3898e235a",fa66918b-2e2a-4309-bd7f-504c9938e951,eff93a53-2d19-47d5-b79d-e9c6f3ed018f,FORWARD,false,LINK_TYPE_BACK_TURNING,2025-06-10 17:03:21.263 +0300,2025-06-10 17:03:21.263 +0300,,false
"0f3df0e9-c980-4002-9ede-c5e9f884b6eb","34d3c666-cb23-4273-8a08-41c3898e235a",d61a26be-fc9d-44f5-8862-f2b2105dfa57,"627c51b9-cb68-4de8-b053-0dfdf2c6e1d6",FORWARD,false,LINK_TYPE_BACK_TURNING,2025-06-10 17:03:21.263 +0300,2025-06-10 17:03:21.263 +0300,,false
ae7d665e-35ea-4a48-89b2-da02ed4f6114,"34d3c666-cb23-4273-8a08-41c3898e235a",d61a26be-fc9d-44f5-8862-f2b2105dfa57,"627c51b9-cb68-4de8-b053-0dfdf2c6e1d6",FORWARD,false,LINK_TYPE_BACK_TURNING,2025-06-10 17:03:21.263 +0300,2025-06-10 17:03:21.263 +0300,,false
"1922920c-2fc0-4353-9205-b5164810271d","34d3c666-cb23-4273-8a08-41c3898e235a",a51f669f-9f5a-486f-af2d-a7d50d3d38fa,"9cef483b-5dea-4c3c-b763-d2c7d7cb6748",FORWARD,true,LINK_TYPE_TAXIING,2025-06-10 17:03:21.263 +0300,2025-06-10 17:03:21.263 +0300,,false
"80a174a5-622a-4f8f-babe-53cc3a61cc06","34d3c666-cb23-4273-8a08-41c3898e235a",fa66918b-2e2a-4309-bd7f-504c9938e951,"1f8b9579-7371-4139-9896-64d754a3e1ef",FORWARD,true,LINK_TYPE_TAXIING,2025-06-18 09:37:11.373 +0300,2025-06-18 09:37:11.373 +0300,,false
cb8a1c2a-ca75-422e-960b-7323ac8f3d65,"34d3c666-cb23-4273-8a08-41c3898e235a","4a3980d0-4000-45cc-953f-4263cc9ab62a","75bc2a8b-1ad1-4bdf-baad-7b4b76d0c25c",FORWARD,true,LINK_TYPE_TAXIING,2025-06-17 12:36:47.599 +0300,2025-06-17 12:36:47.599 +0300,,false
d823b031-4e49-4ddf-8b79-eb5a3dbf4c84,"34d3c666-cb23-4273-8a08-41c3898e235a","1f8b9579-7371-4139-9896-64d754a3e1ef",fae9e403-00e2-477c-a468-30eea2a27116,FORWARD,true,LINK_TYPE_TAXIING,2025-06-18 09:37:11.373 +0300,2025-06-18 09:37:11.373 +0300,,false
"0886615e-005f-4ca1-b4d4-9ca41b99ace1","34d3c666-cb23-4273-8a08-41c3898e235a",acac0e00-52a7-4887-aeb6-f5b9b5b46c52,eff93a53-2d19-47d5-b79d-e9c6f3ed018f,FORWARD,true,LINK_TYPE_TAXIING,2025-06-18 12:15:55.418 +0300,2025-06-18 12:15:55.418 +0300,,false
"9f51b9be-eee8-4854-8859-7418c13e0ecd","34d3c666-cb23-4273-8a08-41c3898e235a",fa66918b-2e2a-4309-bd7f-504c9938e951,acac0e00-52a7-4887-aeb6-f5b9b5b46c52,FORWARD,true,LINK_TYPE_TAXIING,2025-06-18 12:15:55.418 +0300,2025-06-18 12:15:55.418 +0300,,false
"6925ee6f-fddd-41ec-8a71-e73caf35f16b","34d3c666-cb23-4273-8a08-41c3898e235a","7318aa14-73b5-488f-9149-6b11b2b6b6fc","167baa35-d7d7-4e65-afff-1e65c9a7bce8",FORWARD,true,LINK_TYPE_TAXIING,2025-06-18 09:52:50.737 +0300,2025-06-18 09:52:50.737 +0300,,false
"48407a0b-e359-4d01-85f1-dd5e7ccbbafd","34d3c666-cb23-4273-8a08-41c3898e235a",fac59495-c5dd-4ef7-9c79-ff0c4686ee3a,"99e82dd3-23e5-4358-8952-aa7f596f868e",FORWARD,true,LINK_TYPE_TAXIING,2025-06-18 09:52:50.737 +0300,2025-06-18 09:52:50.737 +0300,,false
"38f3dc27-3fd9-4c09-b99b-bfb67bff10d6","34d3c666-cb23-4273-8a08-41c3898e235a","5058f1df-7c83-4fa7-82d8-df6e6b0ae64f","1912043a-df0a-4d18-8458-19a373508ebb",FORWARD,true,LINK_TYPE_TAXIING,2025-06-18 09:52:50.737 +0300,2025-06-18 09:52:50.737 +0300,,false
fb0df3ba-e656-4cf5-b8e9-2ae1d2e8d768,"34d3c666-cb23-4273-8a08-41c3898e235a","9182d992-51e1-44ee-82b4-303e7c13e972",ddde8b60-161c-4b71-a072-c88a1251ed8e,FORWARD,true,LINK_TYPE_TAXIING,2025-06-18 09:52:50.737 +0300,2025-06-18 09:52:50.737 +0300,,false
"8ffa1782-821f-41bc-864f-be5f64a5bd2e","34d3c666-cb23-4273-8a08-41c3898e235a","4857fbe1-7a21-44a0-a0a1-0b93f60ead39","0b755781-16ff-4a8b-8635-b5da32e0a292",FORWARD,true,LINK_TYPE_TAXIING,2025-06-16 17:13:45.831 +0300,2025-06-16 17:13:45.831 +0300,,false
"15a92e60-c6df-4527-b584-a8d36aeebdf6","34d3c666-cb23-4273-8a08-41c3898e235a",e801b707-aaff-4a85-8633-ffa768dbec72,dc73e763-7714-4f1e-9b7f-77e4b68c3f5e,FORWARD,false,LINK_TYPE_TAXIING,2025-10-14 09:48:10.000 +0300,2025-10-14 09:48:10.000 +0300,,false
"0d514c7d-e25d-4906-ab16-83e65e78de97","34d3c666-cb23-4273-8a08-41c3898e235a",dc73e763-7714-4f1e-9b7f-77e4b68c3f5e,"6e654f45-d3a9-40cb-9e6e-5f75d73069ea",FORWARD,false,LINK_TYPE_TAXIING,2025-10-14 09:48:10.000 +0300,2025-10-14 09:48:10.000 +0300,,false
f7055d60-aee9-4827-9075-7a86907ac022,"34d3c666-cb23-4273-8a08-41c3898e235a",d61a26be-fc9d-44f5-8862-f2b2105dfa57,bc6ea3cd-8079-4e47-bcd4-d71e0cbeb0bd,FORWARD,false,LINK_TYPE_TAXIING,2025-10-14 09:51:13.000 +0300,2025-10-14 09:51:13.000 +0300,,false
"9d539f84-9bd5-4301-b57f-3d287c5b58ef","34d3c666-cb23-4273-8a08-41c3898e235a",bc6ea3cd-8079-4e47-bcd4-d71e0cbeb0bd,e801b707-aaff-4a85-8633-ffa768dbec72,FORWARD,false,LINK_TYPE_TAXIING,2025-10-14 09:51:13.000 +0300,2025-10-14 09:51:13.000 +0300,,false
c5d41f4b-1348-476d-83f6-77fc0417bf59,"34d3c666-cb23-4273-8a08-41c3898e235a",d61a26be-fc9d-44f5-8862-f2b2105dfa57,"9130240f-973e-4a94-8d5d-3d37427eea86",FORWARD,false,LINK_TYPE_TAXIING,2025-10-14 09:53:04.000 +0300,2025-10-14 09:53:04.000 +0300,,false
ebb6b154-089d-4c10-a06c-38d8e14be086,"34d3c666-cb23-4273-8a08-41c3898e235a","9130240f-973e-4a94-8d5d-3d37427eea86",e801b707-aaff-4a85-8633-ffa768dbec72,FORWARD,false,LINK_TYPE_TAXIING,2025-10-14 09:53:04.000 +0300,2025-10-14 09:53:04.000 +0300,,false
f750aea6-02e0-4473-84f6-baea31c1b9d6,"34d3c666-cb23-4273-8a08-41c3898e235a",d61a26be-fc9d-44f5-8862-f2b2105dfa57,aead8db4-70b7-4d8c-a85b-3ed4c7848891,FORWARD,false,LINK_TYPE_TAXIING,2025-10-14 09:53:15.000 +0300,2025-10-14 09:53:15.000 +0300,,false
"381430bf-e21b-4c1d-98a3-2fd060a8bad7","34d3c666-cb23-4273-8a08-41c3898e235a",aead8db4-70b7-4d8c-a85b-3ed4c7848891,e801b707-aaff-4a85-8633-ffa768dbec72,FORWARD,false,LINK_TYPE_TAXIING,2025-10-14 09:53:15.000 +0300,2025-10-14 09:53:15.000 +0300,,false
f5ad31c0-6758-457c-b87a-efa7c4b5ee3c,"34d3c666-cb23-4273-8a08-41c3898e235a",d61a26be-fc9d-44f5-8862-f2b2105dfa57,"57f2a53b-0a69-40ae-b683-47dcca9df4ba",FORWARD,false,LINK_TYPE_TAXIING,2025-10-14 09:53:24.000 +0300,2025-10-14 09:53:24.000 +0300,,false
"28ce6936-3d6a-4b4b-bd59-ad0700f5c3d9","34d3c666-cb23-4273-8a08-41c3898e235a","57f2a53b-0a69-40ae-b683-47dcca9df4ba",e801b707-aaff-4a85-8633-ffa768dbec72,FORWARD,false,LINK_TYPE_TAXIING,2025-10-14 09:53:24.000 +0300,2025-10-14 09:53:24.000 +0300,,false
"32ea96b2-7b52-490f-995c-006b359eb7e6","34d3c666-cb23-4273-8a08-41c3898e235a","930f4db0-6f14-4623-9a22-17b0e9e42280","72fec4d8-9118-4232-bca4-afd999fe72b0",FORWARD,false,LINK_TYPE_TAXIING,2025-10-14 09:55:26.000 +0300,2025-10-14 09:55:26.000 +0300,,false
"61aad6f3-dc8c-427a-b363-f7f5f1fb1f27","34d3c666-cb23-4273-8a08-41c3898e235a","72fec4d8-9118-4232-bca4-afd999fe72b0","6f30ad2f-417b-4c03-b4ab-e7ab4005a975",FORWARD,false,LINK_TYPE_TAXIING,2025-10-14 09:55:26.000 +0300,2025-10-14 09:55:26.000 +0300,,false
"6b0cc42d-864f-4e1e-bc74-a4674cc3dc0a","34d3c666-cb23-4273-8a08-41c3898e235a","930f4db0-6f14-4623-9a22-17b0e9e42280","73ca79fa-1a81-4752-938b-74aa54d86159",FORWARD,false,LINK_TYPE_TAXIING,2025-10-14 10:00:03.000 +0300,2025-10-14 10:00:03.000 +0300,,false
"58179bb6-39d5-42f7-bd3c-ca9ad5684e97","34d3c666-cb23-4273-8a08-41c3898e235a","73ca79fa-1a81-4752-938b-74aa54d86159","6f30ad2f-417b-4c03-b4ab-e7ab4005a975",FORWARD,false,LINK_TYPE_TAXIING,2025-10-14 10:00:03.000 +0300,2025-10-14 10:00:03.000 +0300,,false
c26f4c6f-7289-467b-93a8-021111027921,"34d3c666-cb23-4273-8a08-41c3898e235a","930f4db0-6f14-4623-9a22-17b0e9e42280",d56da92f-cdcc-430a-8f76-b2131c06b39c,FORWARD,false,LINK_TYPE_TAXIING,2025-10-14 10:00:34.000 +0300,2025-10-14 10:00:34.000 +0300,,false
ef2dc8f2-b954-4239-a354-01cfc9e178cc,"34d3c666-cb23-4273-8a08-41c3898e235a",d56da92f-cdcc-430a-8f76-b2131c06b39c,"6f30ad2f-417b-4c03-b4ab-e7ab4005a975",FORWARD,false,LINK_TYPE_TAXIING,2025-10-14 10:00:34.000 +0300,2025-10-14 10:00:34.000 +0300,,false
"79d4264f-9d13-4f4f-be82-66154748fc13","34d3c666-cb23-4273-8a08-41c3898e235a","4b8dff46-300e-4d92-aae9-f3a23e094085","92b8fca1-60a2-4dcc-948c-3b131634bad4",FORWARD,false,LINK_TYPE_TAXIING,2025-10-14 10:01:40.000 +0300,2025-10-14 10:01:40.000 +0300,,false
"27f6ff19-4202-459d-a263-704afdbac086","34d3c666-cb23-4273-8a08-41c3898e235a","92b8fca1-60a2-4dcc-948c-3b131634bad4","62aa4114-9333-4b66-919b-7b69b619f7d8",FORWARD,false,LINK_TYPE_TAXIING,2025-10-14 10:01:40.000 +0300,2025-10-14 10:01:40.000 +0300,,false
"67ddc2a6-4285-4cea-a3cf-d8adbbd04f34","34d3c666-cb23-4273-8a08-41c3898e235a","4b8dff46-300e-4d92-aae9-f3a23e094085",a8fd02e8-8d4d-4ae5-8675-821b1d809502,FORWARD,false,LINK_TYPE_TAXIING,2025-10-14 10:01:59.000 +0300,2025-10-14 10:01:59.000 +0300,,false
"3b31d595-25ec-45f9-a899-b197a8907b54","34d3c666-cb23-4273-8a08-41c3898e235a",a8fd02e8-8d4d-4ae5-8675-821b1d809502,"62aa4114-9333-4b66-919b-7b69b619f7d8",FORWARD,false,LINK_TYPE_TAXIING,2025-10-14 10:01:59.000 +0300,2025-10-14 10:01:59.000 +0300,,false
"225c03ff-76cb-41c6-a625-4fb272ab4fe9","34d3c666-cb23-4273-8a08-41c3898e235a","4b8dff46-300e-4d92-aae9-f3a23e094085",d6743415-a974-4b2e-affd-50cef8294221,FORWARD,false,LINK_TYPE_TAXIING,2025-10-14 10:02:17.000 +0300,2025-10-14 10:02:17.000 +0300,,false
b814ff71-7127-48ed-982f-d921d7ce5c89,"34d3c666-cb23-4273-8a08-41c3898e235a",d6743415-a974-4b2e-affd-50cef8294221,"62aa4114-9333-4b66-919b-7b69b619f7d8",FORWARD,false,LINK_TYPE_TAXIING,2025-10-14 10:02:17.000 +0300,2025-10-14 10:02:17.000 +0300,,false
e1aec841-1ebe-43f5-8e63-14ab0deedb48,"34d3c666-cb23-4273-8a08-41c3898e235a",da766983-a403-457d-9a4d-aa376c14e78b,"9f970ceb-2c35-49dc-b949-c5b970513ac2",FORWARD,false,LINK_TYPE_TAXIING,2025-10-14 10:31:49.000 +0300,2025-10-14 10:31:49.000 +0300,,false
a061d3f6-a220-488b-be4f-b89cb44fcaf5,"34d3c666-cb23-4273-8a08-41c3898e235a","9f970ceb-2c35-49dc-b949-c5b970513ac2",fac59495-c5dd-4ef7-9c79-ff0c4686ee3a,FORWARD,false,LINK_TYPE_TAXIING,2025-10-14 10:31:49.000 +0300,2025-10-14 10:31:49.000 +0300,,false
"8fe466a2-dfeb-4419-af62-e4dd6f74c9da","34d3c666-cb23-4273-8a08-41c3898e235a",d9e51fac-f844-47f2-8da7-98b01dc53f01,cf5c4909-2b2d-45fb-b93a-6e036d991df6,FORWARD,false,LINK_TYPE_TAXIING,2025-10-14 10:33:52.000 +0300,2025-10-14 10:33:52.000 +0300,,false
"8f3413fa-d6bb-423e-b3bc-355e0e9d2f43","34d3c666-cb23-4273-8a08-41c3898e235a",d9e51fac-f844-47f2-8da7-98b01dc53f01,"63a06ff9-659b-4cef-902a-1b464a9f98a7",FORWARD,false,LINK_TYPE_TAXIING,2025-10-14 10:34:05.000 +0300,2025-10-14 10:34:05.000 +0300,,false
"35fb784d-c301-4f23-b171-c9dd9424ab47","34d3c666-cb23-4273-8a08-41c3898e235a","63a06ff9-659b-4cef-902a-1b464a9f98a7","1ac210ae-0a74-476f-8d92-995ea40bdcfe",FORWARD,false,LINK_TYPE_TAXIING,2025-10-14 10:34:05.000 +0300,2025-10-14 10:34:05.000 +0300,,false
deb6fc03-f385-4833-b3c6-9ec54ba02225,"34d3c666-cb23-4273-8a08-41c3898e235a","6a68dd1c-a85e-4b2e-abb7-032f0ad0ba4d",bb21d0b2-0671-4d8d-be46-6235a45764ba,FORWARD,false,LINK_TYPE_TAXIING,2025-10-14 10:34:27.000 +0300,2025-10-14 10:34:27.000 +0300,,false
"9c64a0bc-5da4-4f1a-90d9-89dda388f5d4","34d3c666-cb23-4273-8a08-41c3898e235a",bb21d0b2-0671-4d8d-be46-6235a45764ba,d9e51fac-f844-47f2-8da7-98b01dc53f01,FORWARD,false,LINK_TYPE_TAXIING,2025-10-14 10:34:27.000 +0300,2025-10-14 10:34:27.000 +0300,,false
caa26235-1d32-467a-8845-da1e8b16a9ac,"34d3c666-cb23-4273-8a08-41c3898e235a","6a68dd1c-a85e-4b2e-abb7-032f0ad0ba4d",bae2090d-c414-4a1a-8729-8f01cff3cac6,FORWARD,false,LINK_TYPE_TAXIING,2025-10-14 10:35:06.000 +0300,2025-10-14 10:35:06.000 +0300,,false
"8dbedbd4-1e1b-42fe-93ff-61a0dae0340e","34d3c666-cb23-4273-8a08-41c3898e235a",bae2090d-c414-4a1a-8729-8f01cff3cac6,d9e51fac-f844-47f2-8da7-98b01dc53f01,FORWARD,false,LINK_TYPE_TAXIING,2025-10-14 10:35:06.000 +0300,2025-10-14 10:35:06.000 +0300,,false
"0ec776a0-2308-4a6d-a8f9-1672179351a8","34d3c666-cb23-4273-8a08-41c3898e235a","399aa2ec-b3a0-4d2b-bb9a-fbf4b41004ab","109ef180-2bfd-46e3-89e1-5fcd6f23396e",FORWARD,false,LINK_TYPE_TAXIING,2025-10-14 10:35:15.000 +0300,2025-10-14 10:35:15.000 +0300,,false
d036c8b6-7453-4a11-aeaa-2934f8d74675,"34d3c666-cb23-4273-8a08-41c3898e235a","109ef180-2bfd-46e3-89e1-5fcd6f23396e","6a68dd1c-a85e-4b2e-abb7-032f0ad0ba4d",FORWARD,false,LINK_TYPE_TAXIING,2025-10-14 10:35:15.000 +0300,2025-10-14 10:35:15.000 +0300,,false
a4630ea4-07a0-4a95-afe3-83861cc6843c,"34d3c666-cb23-4273-8a08-41c3898e235a","77ceef35-056b-4a0e-9d3e-cec3b339b4f5","479a8f76-1cf2-47a7-a6ec-cecc9df6c799",FORWARD,false,LINK_TYPE_TAXIING,2025-10-14 10:44:11.000 +0300,2025-10-14 10:44:11.000 +0300,,false
"291e29e2-b7a6-4d07-b6f5-4bca6661db3b","34d3c666-cb23-4273-8a08-41c3898e235a","479a8f76-1cf2-47a7-a6ec-cecc9df6c799","2736fba8-2a21-41f3-8ab9-4962eab57e40",FORWARD,false,LINK_TYPE_TAXIING,2025-10-14 10:44:11.000 +0300,2025-10-14 10:44:11.000 +0300,,false
"7bbf0940-294d-47c7-b559-12fa897f09b1","34d3c666-cb23-4273-8a08-41c3898e235a","2736fba8-2a21-41f3-8ab9-4962eab57e40","3b29ee37-5ba8-4936-84d5-acc46ebeaa44",FORWARD,false,LINK_TYPE_TAXIING,2025-10-14 10:44:44.000 +0300,2025-10-14 10:44:44.000 +0300,,false
adf8e033-3f2f-4ecc-b327-21f109760dd8,"34d3c666-cb23-4273-8a08-41c3898e235a","3b29ee37-5ba8-4936-84d5-acc46ebeaa44",d259c4df-b92d-4c85-a6d3-7016bf81cfd6,FORWARD,false,LINK_TYPE_TAXIING,2025-10-14 10:44:44.000 +0300,2025-10-14 10:44:44.000 +0300,,false
d601edbd-fedc-450b-9a0e-2302424c0040,"34d3c666-cb23-4273-8a08-41c3898e235a",d259c4df-b92d-4c85-a6d3-7016bf81cfd6,d6ca72bc-90fd-4f9d-ad10-6b6ec868b67c,FORWARD,false,LINK_TYPE_TAXIING,2025-10-14 10:45:07.000 +0300,2025-10-14 10:45:07.000 +0300,,false
aad9da65-b31b-414c-8868-aa98ce924335,"34d3c666-cb23-4273-8a08-41c3898e235a",d6ca72bc-90fd-4f9d-ad10-6b6ec868b67c,"627c51b9-cb68-4de8-b053-0dfdf2c6e1d6",FORWARD,false,LINK_TYPE_TAXIING,2025-10-14 10:45:07.000 +0300,2025-10-14 10:45:07.000 +0300,,false
dffb3471-1e48-42ea-a10e-8eb87ad696d8,"34d3c666-cb23-4273-8a08-41c3898e235a",d259c4df-b92d-4c85-a6d3-7016bf81cfd6,"1d070f73-4aa9-4379-ab90-194345e7965f",FORWARD,false,LINK_TYPE_TAXIING,2025-10-14 10:45:14.000 +0300,2025-10-14 10:45:14.000 +0300,,false
"0415e1f2-d4af-4d5b-9a7b-7c281d2020f7","34d3c666-cb23-4273-8a08-41c3898e235a","1d070f73-4aa9-4379-ab90-194345e7965f","627c51b9-cb68-4de8-b053-0dfdf2c6e1d6",FORWARD,false,LINK_TYPE_TAXIING,2025-10-14 10:45:14.000 +0300,2025-10-14 10:45:14.000 +0300,,false
"6dc926d1-a744-4a75-aaf4-3117fcf97080","34d3c666-cb23-4273-8a08-41c3898e235a",d259c4df-b92d-4c85-a6d3-7016bf81cfd6,"6022cb3e-b923-4d57-8ecf-4fe62ba315f2",FORWARD,false,LINK_TYPE_TAXIING,2025-10-14 10:45:30.000 +0300,2025-10-14 10:45:30.000 +0300,,false
"414476ed-2bce-4de1-9f9e-49dffea6d60e","34d3c666-cb23-4273-8a08-41c3898e235a",d259c4df-b92d-4c85-a6d3-7016bf81cfd6,e54681d9-f8c7-40b3-9f27-f5c272d96d42,FORWARD,false,LINK_TYPE_TAXIING,2025-10-14 10:49:35.000 +0300,2025-10-14 10:49:35.000 +0300,,false
"44668171-9af8-400d-abd9-3e623edad55d","34d3c666-cb23-4273-8a08-41c3898e235a",e54681d9-f8c7-40b3-9f27-f5c272d96d42,"627c51b9-cb68-4de8-b053-0dfdf2c6e1d6",FORWARD,false,LINK_TYPE_TAXIING,2025-10-14 10:49:35.000 +0300,2025-10-14 10:49:35.000 +0300,,false
a97c0782-4e81-499a-9f51-c6cd8cd83370,"34d3c666-cb23-4273-8a08-41c3898e235a","6330e35f-c802-4a27-a6cb-d96628fb5918","175bf739-0297-4d4e-9c05-650e3cb7fe48",FORWARD,false,LINK_TYPE_TAXIING,2025-10-14 10:50:02.000 +0300,2025-10-14 10:50:02.000 +0300,,false
ffa71968-e7fb-4604-ab3d-c1241c8f5700,"34d3c666-cb23-4273-8a08-41c3898e235a","175bf739-0297-4d4e-9c05-650e3cb7fe48","6ba27c54-5821-4c82-acf1-5b1b9e0b135d",FORWARD,false,LINK_TYPE_TAXIING,2025-10-14 10:50:02.000 +0300,2025-10-14 10:50:02.000 +0300,,false
"37a0a944-031c-448d-86ed-2f5a2b8cf60f","34d3c666-cb23-4273-8a08-41c3898e235a","6330e35f-c802-4a27-a6cb-d96628fb5918","867e7313-343a-4f33-a4cc-7f9223c88a39",FORWARD,false,LINK_TYPE_TAXIING,2025-10-14 10:50:48.000 +0300,2025-10-14 10:50:48.000 +0300,,false
"094a88b3-6a35-4785-a289-f9a40ddda7f0","34d3c666-cb23-4273-8a08-41c3898e235a","867e7313-343a-4f33-a4cc-7f9223c88a39","6ba27c54-5821-4c82-acf1-5b1b9e0b135d",FORWARD,false,LINK_TYPE_TAXIING,2025-10-14 10:50:48.000 +0300,2025-10-14 10:50:48.000 +0300,,false
ea1452ab-dc4b-46cf-9091-ef1de7514eb5,"34d3c666-cb23-4273-8a08-41c3898e235a","6ba27c54-5821-4c82-acf1-5b1b9e0b135d",a2ccb604-94a2-4263-b9a4-f2b7b6e00f26,FORWARD,false,LINK_TYPE_TAXIING,2025-10-14 10:51:13.000 +0300,2025-10-14 10:51:13.000 +0300,,false
"5c51241d-ba83-47d9-b1b8-3480be34f3e4","34d3c666-cb23-4273-8a08-41c3898e235a","6ba27c54-5821-4c82-acf1-5b1b9e0b135d","62f49df7-71c0-4b82-a8cc-fd53885a5a7d",FORWARD,false,LINK_TYPE_TAXIING,2025-10-14 10:51:27.000 +0300,2025-10-14 10:51:27.000 +0300,,false
"810d03e8-5922-4e58-8122-33841b2f17d9","34d3c666-cb23-4273-8a08-41c3898e235a","62f49df7-71c0-4b82-a8cc-fd53885a5a7d","6ba27c54-5821-4c82-acf1-5b1b9e0b135d",FORWARD,false,LINK_TYPE_TAXIING,2025-10-14 10:51:27.000 +0300,2025-10-14 10:51:27.000 +0300,,false
"252c68a6-eb58-4b26-9616-7d6ed0365192","34d3c666-cb23-4273-8a08-41c3898e235a",a2ccb604-94a2-4263-b9a4-f2b7b6e00f26,"6ba27c54-5821-4c82-acf1-5b1b9e0b135d",FORWARD,false,LINK_TYPE_TAXIING,2025-10-14 10:51:13.000 +0300,2025-10-14 10:51:13.000 +0300,,false
d1a705cb-96a8-4f7b-9864-727bde649e43,"34d3c666-cb23-4273-8a08-41c3898e235a",cf5c4909-2b2d-45fb-b93a-6e036d991df6,d9e51fac-f844-47f2-8da7-98b01dc53f01,FORWARD,false,LINK_TYPE_TAXIING,2025-10-14 10:33:52.000 +0300,2025-10-14 10:33:52.000 +0300,,false
"3a6233c8-9900-4b89-951b-1804c1d2c931","34d3c666-cb23-4273-8a08-41c3898e235a","6ba27c54-5821-4c82-acf1-5b1b9e0b135d",dc4669bc-94e8-4577-9dd1-9f45d90b0d36,FORWARD,false,LINK_TYPE_TAXIING,2025-10-14 11:25:18.000 +0300,2025-10-14 11:25:18.000 +0300,,false
"87b1eeee-19a4-468a-abdf-bbe5bbbfeb63","34d3c666-cb23-4273-8a08-41c3898e235a",dc4669bc-94e8-4577-9dd1-9f45d90b0d36,e5528ba1-9f0c-458d-8019-c7990f57fee8,FORWARD,false,LINK_TYPE_TAXIING,2025-10-14 11:25:18.000 +0300,2025-10-14 11:25:18.000 +0300,,false
b0842484-7df1-47bd-bfd8-cd32f34d61ff,"34d3c666-cb23-4273-8a08-41c3898e235a","6ba27c54-5821-4c82-acf1-5b1b9e0b135d","56086f98-5b61-4755-8103-7916674cf667",FORWARD,false,LINK_TYPE_TAXIING,2025-10-14 11:25:27.000 +0300,2025-10-14 11:25:27.000 +0300,,false
ee590be4-3182-495d-8205-40346b798502,"34d3c666-cb23-4273-8a08-41c3898e235a","56086f98-5b61-4755-8103-7916674cf667",e5528ba1-9f0c-458d-8019-c7990f57fee8,FORWARD,false,LINK_TYPE_TAXIING,2025-10-14 11:25:27.000 +0300,2025-10-14 11:25:27.000 +0300,,false
a4648cdc-3cf0-4816-827c-fe59890d21ad,"34d3c666-cb23-4273-8a08-41c3898e235a","8682b1bb-63e8-4d61-9763-4c40fac069b7","1ebba5b9-d047-4a5b-93a7-6a0ba7f81066",FORWARD,false,LINK_TYPE_TAXIING,2025-10-14 11:26:22.000 +0300,2025-10-14 11:26:22.000 +0300,,false
"1732203e-d8a8-44b9-abd4-14a8df0816d8","34d3c666-cb23-4273-8a08-41c3898e235a","1ebba5b9-d047-4a5b-93a7-6a0ba7f81066","19ddb7ba-18a4-4cde-9d95-aba5bba22cac",FORWARD,false,LINK_TYPE_TAXIING,2025-10-14 11:26:22.000 +0300,2025-10-14 11:26:22.000 +0300,,false
d4633aca-7ec1-4db3-a3c5-7fdba16e620a,"34d3c666-cb23-4273-8a08-41c3898e235a","8682b1bb-63e8-4d61-9763-4c40fac069b7","16f28cab-d169-468a-9e29-db9158db181c",FORWARD,false,LINK_TYPE_TAXIING,2025-10-14 11:26:30.000 +0300,2025-10-14 11:26:30.000 +0300,,false
fb8dd612-f1a5-49aa-9db8-1e851b1c7db2,"34d3c666-cb23-4273-8a08-41c3898e235a","16f28cab-d169-468a-9e29-db9158db181c","19ddb7ba-18a4-4cde-9d95-aba5bba22cac",FORWARD,false,LINK_TYPE_TAXIING,2025-10-14 11:26:30.000 +0300,2025-10-14 11:26:30.000 +0300,,false
b3e167b5-068c-4fb7-b440-27743ff308b6,"34d3c666-cb23-4273-8a08-41c3898e235a","8682b1bb-63e8-4d61-9763-4c40fac069b7",ce531283-280e-4f0c-97bd-2e937909f63d,FORWARD,false,LINK_TYPE_TAXIING,2025-10-14 11:26:36.000 +0300,2025-10-14 11:26:36.000 +0300,,false
"3affca4a-2028-46aa-b5e9-09ca0ce69486","34d3c666-cb23-4273-8a08-41c3898e235a",ce531283-280e-4f0c-97bd-2e937909f63d,"19ddb7ba-18a4-4cde-9d95-aba5bba22cac",FORWARD,false,LINK_TYPE_TAXIING,2025-10-14 11:26:36.000 +0300,2025-10-14 11:26:36.000 +0300,,false
"76c1ce71-3f24-412e-bae4-f12184b34df4","34d3c666-cb23-4273-8a08-41c3898e235a","9182d992-51e1-44ee-82b4-303e7c13e972","066e315b-aa47-483c-9b8d-7a20adc91819",FORWARD,false,LINK_TYPE_TAXIING,2025-10-14 12:00:58.000 +0300,2025-10-14 12:00:58.000 +0300,,false
e223acea-b8c8-492b-9e77-3184db405595,"34d3c666-cb23-4273-8a08-41c3898e235a","066e315b-aa47-483c-9b8d-7a20adc91819","167baa35-d7d7-4e65-afff-1e65c9a7bce8",FORWARD,false,LINK_TYPE_TAXIING,2025-10-14 12:00:58.000 +0300,2025-10-14 12:00:58.000 +0300,,false
"3ceefec7-ab3c-43c1-b304-f15439811d59","34d3c666-cb23-4273-8a08-41c3898e235a","4545377b-6df1-41d1-ac99-dd2670183ab5","8e5a240a-f0b4-4876-87af-f373cf2ae8b2",FORWARD,false,LINK_TYPE_TAXIING,2025-10-14 12:02:14.000 +0300,2025-10-14 12:02:14.000 +0300,,false
"7de09d61-d74b-45bb-847a-1adf883d3c7f","34d3c666-cb23-4273-8a08-41c3898e235a","4545377b-6df1-41d1-ac99-dd2670183ab5",fcd7ffa7-890d-4548-8c23-8b8e12e11655,FORWARD,false,LINK_TYPE_TAXIING,2025-10-14 12:02:31.000 +0300,2025-10-14 12:02:31.000 +0300,,false
ee0deb5b-830b-4c20-a2f1-8ad7a6201c04,"34d3c666-cb23-4273-8a08-41c3898e235a","30792eb3-7b1d-44cb-b553-f6e9b5fb3979","1a074b58-7d9d-4c24-bf25-98fab7d28b13",FORWARD,false,LINK_TYPE_TAXIING,2025-10-14 12:02:42.000 +0300,2025-10-14 12:02:42.000 +0300,,false
"6b31bd60-2b29-4462-b166-8b2132723959","34d3c666-cb23-4273-8a08-41c3898e235a","1a074b58-7d9d-4c24-bf25-98fab7d28b13","4545377b-6df1-41d1-ac99-dd2670183ab5",FORWARD,false,LINK_TYPE_TAXIING,2025-10-14 12:02:42.000 +0300,2025-10-14 12:02:42.000 +0300,,false
"23421377-160b-4ea4-8d7d-c8fa8932774f","34d3c666-cb23-4273-8a08-41c3898e235a","4545377b-6df1-41d1-ac99-dd2670183ab5",ad7c6984-f31b-4e83-80e0-bfeeaff33d0d,FORWARD,false,LINK_TYPE_TAXIING,2025-10-14 12:08:22.000 +0300,2025-10-14 12:08:22.000 +0300,,false
"3a082261-da35-4f36-b29c-b526191b098a","34d3c666-cb23-4273-8a08-41c3898e235a",ad7c6984-f31b-4e83-80e0-bfeeaff33d0d,d160ede0-2145-41ac-8667-386862bfa1cf,FORWARD,false,LINK_TYPE_TAXIING,2025-10-14 12:08:22.000 +0300,2025-10-14 12:08:22.000 +0300,,false
"2d5f54fb-10af-46eb-bd39-6dd12e2dcf26","34d3c666-cb23-4273-8a08-41c3898e235a","4545377b-6df1-41d1-ac99-dd2670183ab5",b580ff98-838e-499a-9f04-83e24dc4c89c,FORWARD,false,LINK_TYPE_TAXIING,2025-10-14 12:08:30.000 +0300,2025-10-14 12:08:30.000 +0300,,false
"6b60b425-47a7-4537-8297-77589876ba05","34d3c666-cb23-4273-8a08-41c3898e235a",b580ff98-838e-499a-9f04-83e24dc4c89c,d160ede0-2145-41ac-8667-386862bfa1cf,FORWARD,false,LINK_TYPE_TAXIING,2025-10-14 12:08:30.000 +0300,2025-10-14 12:08:30.000 +0300,,false
cd7c2934-b9b8-4985-a2ce-43c8f98ec5aa,"34d3c666-cb23-4273-8a08-41c3898e235a","8e5a240a-f0b4-4876-87af-f373cf2ae8b2","4545377b-6df1-41d1-ac99-dd2670183ab5",FORWARD,false,LINK_TYPE_TAXIING,2025-10-14 12:02:14.000 +0300,2025-10-14 12:02:14.000 +0300,,false
be1a3d39-9a4b-40b0-a7de-632f1fa99694,"34d3c666-cb23-4273-8a08-41c3898e235a",fcd7ffa7-890d-4548-8c23-8b8e12e11655,"4545377b-6df1-41d1-ac99-dd2670183ab5",FORWARD,false,LINK_TYPE_TAXIING,2025-10-14 12:02:31.000 +0300,2025-10-14 12:02:31.000 +0300,,false
"0ad00e60-4241-4348-97ff-ab0c6052012b","34d3c666-cb23-4273-8a08-41c3898e235a","6022cb3e-b923-4d57-8ecf-4fe62ba315f2",d259c4df-b92d-4c85-a6d3-7016bf81cfd6,FORWARD,false,LINK_TYPE_TAXIING,2025-10-14 10:45:30.000 +0300,2025-10-14 10:45:30.000 +0300,,false
